id,name,category,price,sizes,tag,media,featured
FU-001,Camisetas Básicas,Camisetas,2.50,"S, M, L","Urban, Basic","assets/p1-1.jpg|assets/p1-2.jpg|assets/p1-3.jpg",No
FU-002,Chompas Urban,Abrigos,15.00,"M, L, XL","Urban, Streetwear","assets/p1-1.jpg|assets/p1-2.jpg|assets/p1-3.jpg",No
FU-003,Polos Flow,Camisetas,5.00,"S, M, L","Casual, Urban","assets/p1-1.jpg|assets/p1-2.jpg|assets/p1-3.jpg",No
FU-004,Busos Chompas,Abrigos,5.00,"M, L, XL","Urban, Hoodie","assets/p1-1.jpg|assets/p1-2.jpg|assets/p1-3.jpg",No
FU-005,Pantalones Street,Pantalones,7.00,"30, 32, 34","Streetwear, Urban","assets/p1-1.jpg|assets/p1-2.jpg|assets/p1-3.jpg",No
FU-006,Chompa de Algodón,Abrigos,20.00,"M, L","Algodón, Premium","assets/p1-1.jpg|assets/p1-2.jpg|assets/p1-3.jpg",Yes
FU-007,Camisetas Oversize,Camisetas,4.50,"M, L, XL","Oversize, Streetwear","assets/p1-1.jpg|assets/p1-2.jpg|assets/p1-3.jpg",Yes
FU-008,Pantalones Cargo,Pantalones,8.00,"30, 32, 34","Cargo, Streetwear","assets/p1-1.jpg|assets/p1-2.jpg|assets/p1-3.jpg",No
FU-101,Base Glow Luminova,Maquillaje,12.00,Única,"Luminova, Beauty","assets/makeup-luminova-glow.svg",Yes
FU-102,Rubor Luminova,Maquillaje,8.50,Única,"Luminova, Blush","assets/makeup-luminova-blush.svg",Yes
FU-103,Labial Velvet Luminova,Maquillaje,7.00,Única,"Luminova, Velvet","assets/makeup-luminova-lip.svg",Yes
FU-104,Iluminador Diamond Luminova,Maquillaje,9.50,Única,"Luminova, Glow","assets/makeup-luminova-highlighter.svg",Yes
FU-105,Paleta Nude Luminova,Maquillaje,15.00,Única,"Luminova, Palette","assets/makeup-luminova-palette.svg",Yes
FU-106,Máscara Lash Luminova,Maquillaje,8.00,Única,"Luminova, Lash","assets/makeup-luminova-mascara.svg",Yes
